tank,determinand,value,std_dev,unit,timestamp,sample_nums
INLET,Ammonia,16.96,0.39,mg/l as N,2023-04-03 11:30:00,[17319560 17319561 17319562]
INLET,Nitrate,1.5,0.42,mg/l as N,2023-04-03 11:30:00,[17319560 17319561 17319562]
INLET,Nitrite,0.81,0.13,mg/l as N,2023-04-03 11:30:00,[17319560 17319561 17319562]
INLET,Phosphorus,5.28,1.83,mgP/l,2023-04-03 11:30:00,[17319560 17319561 17319562]
INLET,Soluble Chemical Oxygen Demand,178.67,5.13,mgO₂/l,2023-04-03 11:30:00,[17319560 17319561 17319562]
INLET,Sulphate,49.07,0.7,mgSO₄/l,2023-04-03 11:30:00,[17319560 17319561 17319562]
INLET,Suspended solids,327.67,157.04,mg/l,2023-04-03 11:30:00,[17319560 17319561 17319562]
INLET,Total Chemical Oxygen Demand,622.33,21.13,mgO₂/l,2023-04-03 11:30:00,[17319560 17319561 17319562]
INLET,Total Nitrogen (as N),24.73,0.32,mg/l as N,2023-04-03 11:30:00,[17319560 17319561 17319562]
INLET,Total oxidised nitrogen,2.31,0.3,mg/l as N,2023-04-03 11:30:00,[17319560 17319561 17319562]
INLET,Soluble Chemical Oxygen Demand,152.33,11.72,mgO₂/l,2023-04-11 08:15:00,[17319425 17319426 17319427]
INLET,Suspended solids,257.0,41.51,mg/l,2023-04-11 08:15:00,[17319425 17319426 17319427]
INLET,Total Chemical Oxygen Demand,682.0,125.11,mgO₂/l,2023-04-11 08:15:00,[17319425 17319426 17319427]
INLET,Ammonia,17.28,2.74,mg/l as N,2023-04-18 10:50:00,[17319563 17319564 17319565]
INLET,Nitrate,1.34,0.82,mg/l as N,2023-04-18 10:50:00,[17319563 17319564 17319565]
INLET,Nitrite,0.98,0.41,mg/l as N,2023-04-18 10:50:00,[17319563 17319564 17319565]
INLET,Phosphorus,2.76,0.4,mgP/l,2023-04-18 10:50:00,[17319563 17319564 17319565]
INLET,Soluble Chemical Oxygen Demand,83.0,4.58,mgO₂/l,2023-04-18 10:50:00,[17319563 17319564 17319565]
INLET,Sulphate,33.83,1.18,mgSO₄/l,2023-04-18 10:50:00,[17319563 17319564 17319565]
INLET,Suspended solids,129.0,29.55,mg/l,2023-04-18 10:50:00,[17319563 17319564 17319565]
INLET,Total Chemical Oxygen Demand,268.67,44.79,mgO₂/l,2023-04-18 10:50:00,[17319563 17319564 17319565]
INLET,Total Nitrogen (as N),20.8,3.39,mg/l as N,2023-04-18 10:50:00,[17319563 17319564 17319565]
INLET,Total oxidised nitrogen,2.32,0.42,mg/l as N,2023-04-18 10:50:00,[17319563 17319564 17319565]
INLET,Alkalinity,286.33,1.53,mgCaCO₃/l,2023-04-24 09:00:00,[17320269 17320270 17320271]
INLET,Ammonia,36.49,0.74,mg/l as N,2023-04-24 09:00:00,[17320269 17320270 17320271]
INLET,Biochemical oxygen demand,198.67,35.53,mgO₂/l,2023-04-24 09:00:00,[17320269 17320270 17320271]
INLET,Conductivity,0.68,0.0,mS/cm,2023-04-24 09:00:00,[17320269 17320270 17320271]
INLET,Manganese,0.2,0.0,mgMn/l,2023-04-24 09:00:00,[17320269 17320270 17320271]
INLET,Nitrate,0.4,0.0,mg/l as N,2023-04-24 09:00:00,[17320269 17320270 17320271]
INLET,Nitrite,0.02,0.0,mg/l as N,2023-04-24 09:00:00,[17320269 17320270 17320271]
INLET,Phosphorus,6.09,0.91,mgP/l,2023-04-24 09:00:00,[17320269 17320270 17320271]
INLET,Soluble Chemical Oxygen Demand,162.0,6.93,mgO₂/l,2023-04-24 09:00:00,[17320269 17320270 17320271]
INLET,Sulphate,40.13,0.97,mgSO₄/l,2023-04-24 09:00:00,[17320269 17320270 17320271]
INLET,Suspended solids,215.0,11.0,mg/l,2023-04-24 09:00:00,[17320269 17320270 17320271]
INLET,Total Chemical Oxygen Demand,560.67,223.43,mgO₂/l,2023-04-24 09:00:00,[17320269 17320270 17320271]
INLET,Total Nitrogen (as N),44.33,0.76,mg/l as N,2023-04-24 09:00:00,[17320269 17320270 17320271]
INLET,Total oxidised nitrogen,0.4,0.0,mg/l as N,2023-04-24 09:00:00,[17320269 17320270 17320271]
INLET,Soluble Chemical Oxygen Demand,134.67,3.79,mgO₂/l,2023-05-02 07:00:00,[17319428 17319429 17319430]
INLET,Suspended solids,133.67,9.02,mg/l,2023-05-02 07:00:00,[17319428 17319429 17319430]
INLET,Total Chemical Oxygen Demand,355.33,54.5,mgO₂/l,2023-05-02 07:00:00,[17319428 17319429 17319430]
INS.1,Ammonia,15.81,0.15,mg/l as N,2023-04-03 10:30:00,[17319940 17319941 17319942]
INS.1,Nitrate,0.46,0.58,mg/l as N,2023-04-03 10:30:00,[17319940 17319941 17319942]
INS.1,Nitrite,0.02,0.0,mg/l as N,2023-04-03 10:30:00,[17319940 17319941 17319942]
INS.1,Phosphorus,2.59,0.15,mgP/l,2023-04-03 10:30:00,[17319940 17319941 17319942]
INS.1,Soluble Chemical Oxygen Demand,58.0,0.0,mgO₂/l,2023-04-03 10:30:00,[17319940 17319941 17319942]
INS.1,Sulphate,33.33,0.32,mgSO₄/l,2023-04-03 10:30:00,[17319940 17319941 17319942]
INS.1,Suspended solids,53.33,7.09,mg/l,2023-04-03 10:30:00,[17319940 17319941 17319942]
INS.1,Total Chemical Oxygen Demand,136.67,9.07,mgO₂/l,2023-04-03 10:30:00,[17319940 17319941 17319942]
INS.1,Total Nitrogen (as N),20.87,0.25,mg/l as N,2023-04-03 10:30:00,[17319940 17319941 17319942]
INS.1,Total organic carbon,30.03,3.74,mgC/l,2023-04-03 10:30:00,[17319940 17319941 17319942]
INS.1,Total oxidised nitrogen,0.46,0.58,mg/l as N,2023-04-03 10:30:00,[17319940 17319941 17319942]
INS.1,Soluble Chemical Oxygen Demand,81.0,1.0,mgO₂/l,2023-04-11 07:15:00,[17319451 17319452 17319453]
INS.1,Suspended solids,25.0,2.65,mg/l,2023-04-11 07:15:00,[17319451 17319452 17319453]
INS.1,Total Chemical Oxygen Demand,135.0,7.0,mgO₂/l,2023-04-11 07:15:00,[17319451 17319452 17319453]
INS.1,Ammonia,18.48,0.24,mg/l as N,2023-04-18 11:00:00,[17319976 17319977 17319978]
INS.1,Nitrate,0.12,0.0,mg/l as N,2023-04-18 11:00:00,[17319976 17319977 17319978]
INS.1,Nitrite,0.02,0.0,mg/l as N,2023-04-18 11:00:00,[17319976 17319977 17319978]
INS.1,Phosphorus,2.8,0.05,mgP/l,2023-04-18 11:00:00,[17319976 17319977 17319978]
INS.1,Soluble Chemical Oxygen Demand,71.67,3.79,mgO₂/l,2023-04-18 11:00:00,[17319976 17319977 17319978]
INS.1,Sulphate,36.23,0.06,mgSO₄/l,2023-04-18 11:00:00,[17319976 17319977 17319978]
INS.1,Suspended solids,38.67,8.08,mg/l,2023-04-18 11:00:00,[17319976 17319977 17319978]
INS.1,Total Chemical Oxygen Demand,130.67,9.81,mgO₂/l,2023-04-18 11:00:00,[17319976 17319977 17319978]
INS.1,Total Nitrogen (as N),22.5,0.26,mg/l as N,2023-04-18 11:00:00,[17319976 17319977 17319978]
INS.1,Total organic carbon,26.97,5.5,mgC/l,2023-04-18 11:00:00,[17319976 17319977 17319978]
INS.1,Total oxidised nitrogen,0.12,0.0,mg/l as N,2023-04-18 11:00:00,[17319976 17319977 17319978]
INS.1,Alkalinity,238.0,1.0,mgCaCO₃/l,2023-04-24 09:15:00,[17320320 17320321 17320322]
INS.1,Ammonia,22.63,0.05,mg/l as N,2023-04-24 09:15:00,[17320320 17320321 17320322]
INS.1,Biochemical oxygen demand,81.67,23.67,mgO₂/l,2023-04-24 09:15:00,[17320320 17320321 17320322]
INS.1,Conductivity,0.6,0.01,mS/cm,2023-04-24 09:15:00,[17320320 17320321 17320322]
INS.1,Manganese,0.2,0.0,mgMn/l,2023-04-24 09:15:00,[17320320 17320321 17320322]
INS.1,Nitrate,0.12,0.0,mg/l as N,2023-04-24 09:15:00,[17320320 17320321 17320322]
INS.1,Nitrite,0.02,0.0,mg/l as N,2023-04-24 09:15:00,[17320320 17320321 17320322]
INS.1,Phosphorus,3.93,0.6,mgP/l,2023-04-24 09:15:00,[17320320 17320321 17320322]
INS.1,Soluble Chemical Oxygen Demand,99.33,5.13,mgO₂/l,2023-04-24 09:15:00,[17320320 17320321 17320322]
INS.1,Sulphate,34.83,0.06,mgSO₄/l,2023-04-24 09:15:00,[17320320 17320321 17320322]
INS.1,Suspended solids,62.67,31.66,mg/l,2023-04-24 09:15:00,[17320320 17320321 17320322]
INS.1,Total Chemical Oxygen Demand,194.33,58.62,mgO₂/l,2023-04-24 09:15:00,[17320320 17320321 17320322]
INS.1,Total Nitrogen (as N),27.73,0.32,mg/l as N,2023-04-24 09:15:00,[17320320 17320321 17320322]
INS.1,Total organic carbon,37.97,16.73,mgC/l,2023-04-24 09:15:00,[17320320 17320321 17320322]
INS.1,Total oxidised nitrogen,0.12,0.0,mg/l as N,2023-04-24 09:15:00,[17320320 17320321 17320322]
INS.1,Soluble Chemical Oxygen Demand,103.33,2.52,mgO₂/l,2023-05-02 07:00:00,[17336326 17336327 17336328]
INS.1,Suspended solids,64.33,15.37,mg/l,2023-05-02 07:00:00,[17336326 17336327 17336328]
INS.1,Total Chemical Oxygen Demand,253.33,48.06,mgO₂/l,2023-05-02 07:00:00,[17336326 17336327 17336328]
INS.2,Ammonia,15.17,0.27,mg/l as N,2023-04-03 10:30:00,[17319943 17319944 17319945]
INS.2,Nitrate,0.93,1.41,mg/l as N,2023-04-03 10:30:00,[17319943 17319944 17319945]
INS.2,Nitrite,0.02,0.0,mg/l as N,2023-04-03 10:30:00,[17319943 17319944 17319945]
INS.2,Phosphorus,2.67,0.03,mgP/l,2023-04-03 10:30:00,[17319943 17319944 17319945]
INS.2,Soluble Chemical Oxygen Demand,54.33,2.08,mgO₂/l,2023-04-03 10:30:00,[17319943 17319944 17319945]
INS.2,Sulphate,32.13,0.81,mgSO₄/l,2023-04-03 10:30:00,[17319943 17319944 17319945]
INS.2,Suspended solids,41.0,3.46,mg/l,2023-04-03 10:30:00,[17319943 17319944 17319945]
INS.2,Total Chemical Oxygen Demand,110.67,3.06,mgO₂/l,2023-04-03 10:30:00,[17319943 17319944 17319945]
INS.2,Total Nitrogen (as N),19.8,0.26,mg/l as N,2023-04-03 10:30:00,[17319943 17319944 17319945]
INS.2,Total organic carbon,25.03,0.86,mgC/l,2023-04-03 10:30:00,[17319943 17319944 17319945]
INS.2,Total oxidised nitrogen,0.93,1.41,mg/l as N,2023-04-03 10:30:00,[17319943 17319944 17319945]
INS.2,Soluble Chemical Oxygen Demand,79.67,3.06,mgO₂/l,2023-04-11 07:15:00,[17319454 17319455 17319456]
INS.2,Suspended solids,24.33,3.21,mg/l,2023-04-11 07:15:00,[17319454 17319455 17319456]
INS.2,Total Chemical Oxygen Demand,133.67,2.52,mgO₂/l,2023-04-11 07:15:00,[17319454 17319455 17319456]
INS.2,Ammonia,18.66,0.32,mg/l as N,2023-04-18 11:10:00,[17319979 17319980 17319981]
INS.2,Nitrate,0.12,0.0,mg/l as N,2023-04-18 11:10:00,[17319979 17319980 17319981]
INS.2,Nitrite,0.02,0.0,mg/l as N,2023-04-18 11:10:00,[17319979 17319980 17319981]
INS.2,Phosphorus,2.93,0.11,mgP/l,2023-04-18 11:10:00,[17319979 17319980 17319981]
INS.2,Soluble Chemical Oxygen Demand,74.33,2.31,mgO₂/l,2023-04-18 11:10:00,[17319979 17319980 17319981]
INS.2,Sulphate,36.13,0.21,mgSO₄/l,2023-04-18 11:10:00,[17319979 17319980 17319981]
INS.2,Suspended solids,44.33,18.82,mg/l,2023-04-18 11:10:00,[17319979 17319980 17319981]
INS.2,Total Chemical Oxygen Demand,145.0,29.51,mgO₂/l,2023-04-18 11:10:00,[17319979 17319980 17319981]
INS.2,Total Nitrogen (as N),22.47,0.25,mg/l as N,2023-04-18 11:10:00,[17319979 17319980 17319981]
INS.2,Total organic carbon,26.53,4.47,mgC/l,2023-04-18 11:10:00,[17319979 17319980 17319981]
INS.2,Total oxidised nitrogen,0.12,0.0,mg/l as N,2023-04-18 11:10:00,[17319979 17319980 17319981]
INS.2,Alkalinity,238.67,1.53,mgCaCO₃/l,2023-04-24 09:15:00,[17320323 17320324 17320325]
INS.2,Ammonia,23.19,0.26,mg/l as N,2023-04-24 09:15:00,[17320323 17320324 17320325]
INS.2,Biochemical oxygen demand,76.33,12.7,mgO₂/l,2023-04-24 09:15:00,[17320323 17320324 17320325]
INS.2,Conductivity,0.61,0.0,mS/cm,2023-04-24 09:15:00,[17320323 17320324 17320325]
INS.2,Manganese,0.2,0.0,mgMn/l,2023-04-24 09:15:00,[17320323 17320324 17320325]
INS.2,Nitrate,0.12,0.0,mg/l as N,2023-04-24 09:15:00,[17320323 17320324 17320325]
INS.2,Nitrite,0.02,0.0,mg/l as N,2023-04-24 09:15:00,[17320323 17320324 17320325]
INS.2,Phosphorus,4.64,0.91,mgP/l,2023-04-24 09:15:00,[17320323 17320324 17320325]
INS.2,Soluble Chemical Oxygen Demand,97.33,4.51,mgO₂/l,2023-04-24 09:15:00,[17320323 17320324 17320325]
INS.2,Sulphate,34.87,0.32,mgSO₄/l,2023-04-24 09:15:00,[17320323 17320324 17320325]
INS.2,Suspended solids,57.0,18.36,mg/l,2023-04-24 09:15:00,[17320323 17320324 17320325]
INS.2,Total Chemical Oxygen Demand,173.0,34.22,mgO₂/l,2023-04-24 09:15:00,[17320323 17320324 17320325]
INS.2,Total Nitrogen (as N),28.23,0.12,mg/l as N,2023-04-24 09:15:00,[17320323 17320324 17320325]
INS.2,Total organic carbon,32.7,4.7,mgC/l,2023-04-24 09:15:00,[17320323 17320324 17320325]
INS.2,Total oxidised nitrogen,0.12,0.0,mg/l as N,2023-04-24 09:15:00,[17320323 17320324 17320325]
INS.2,Soluble Chemical Oxygen Demand,102.0,2.0,mgO₂/l,2023-05-02 07:00:00,[17336329 17336330 17336331]
INS.2,Suspended solids,60.67,23.86,mg/l,2023-05-02 07:00:00,[17336329 17336330 17336331]
INS.2,Total Chemical Oxygen Demand,218.33,34.39,mgO₂/l,2023-05-02 07:00:00,[17336329 17336330 17336331]
INS.3,Ammonia,16.12,0.13,mg/l as N,2023-04-03 10:30:00,[17319946 17319947 17319948]
INS.3,Nitrate,0.12,0.0,mg/l as N,2023-04-03 10:30:00,[17319946 17319947 17319948]
INS.3,Nitrite,0.02,0.0,mg/l as N,2023-04-03 10:30:00,[17319946 17319947 17319948]
INS.3,Phosphorus,2.56,0.01,mgP/l,2023-04-03 10:30:00,[17319946 17319947 17319948]
INS.3,Soluble Chemical Oxygen Demand,57.0,1.73,mgO₂/l,2023-04-03 10:30:00,[17319946 17319947 17319948]
INS.3,Sulphate,33.3,0.3,mgSO₄/l,2023-04-03 10:30:00,[17319946 17319947 17319948]
INS.3,Suspended solids,56.33,9.29,mg/l,2023-04-03 10:30:00,[17319946 17319947 17319948]
INS.3,Total Chemical Oxygen Demand,135.33,10.07,mgO₂/l,2023-04-03 10:30:00,[17319946 17319947 17319948]
INS.3,Total Nitrogen (as N),20.93,0.31,mg/l as N,2023-04-03 10:30:00,[17319946 17319947 17319948]
INS.3,Total organic carbon,31.93,6.82,mgC/l,2023-04-03 10:30:00,[17319946 17319947 17319948]
INS.3,Total oxidised nitrogen,0.12,0.0,mg/l as N,2023-04-03 10:30:00,[17319946 17319947 17319948]
INS.3,Soluble Chemical Oxygen Demand,83.33,1.15,mgO₂/l,2023-04-11 07:15:00,[17319457 17319458 17319459]
INS.3,Suspended solids,44.0,31.24,mg/l,2023-04-11 07:15:00,[17319457 17319458 17319459]
INS.3,Total Chemical Oxygen Demand,191.67,30.83,mgO₂/l,2023-04-11 07:15:00,[17319457 17319458 17319459]
INS.3,Ammonia,18.61,0.33,mg/l as N,2023-04-18 11:15:00,[17319982 17319983 17319984]
INS.3,Nitrate,0.12,0.0,mg/l as N,2023-04-18 11:15:00,[17319982 17319983 17319984]
INS.3,Nitrite,0.02,0.0,mg/l as N,2023-04-18 11:15:00,[17319982 17319983 17319984]
INS.3,Phosphorus,2.83,0.06,mgP/l,2023-04-18 11:15:00,[17319982 17319983 17319984]
INS.3,Soluble Chemical Oxygen Demand,69.67,2.08,mgO₂/l,2023-04-18 11:15:00,[17319982 17319983 17319984]
INS.3,Sulphate,36.03,0.12,mgSO₄/l,2023-04-18 11:15:00,[17319982 17319983 17319984]
INS.3,Suspended solids,45.33,23.18,mg/l,2023-04-18 11:15:00,[17319982 17319983 17319984]
INS.3,Total Chemical Oxygen Demand,147.33,35.23,mgO₂/l,2023-04-18 11:15:00,[17319982 17319983 17319984]
INS.3,Total Nitrogen (as N),22.4,0.1,mg/l as N,2023-04-18 11:15:00,[17319982 17319983 17319984]
INS.3,Total organic carbon,29.8,9.81,mgC/l,2023-04-18 11:15:00,[17319982 17319983 17319984]
INS.3,Total oxidised nitrogen,0.12,0.0,mg/l as N,2023-04-18 11:15:00,[17319982 17319983 17319984]
INS.3,Alkalinity,238.33,2.31,mgCaCO₃/l,2023-04-24 09:15:00,[17320326 17341818 17341819]
INS.3,Ammonia,23.14,0.31,mg/l as N,2023-04-24 09:15:00,[17320326 17341818 17341819]
INS.3,Biochemical oxygen demand,85.67,22.05,mgO₂/l,2023-04-24 09:15:00,[17320326 17341818 17341819]
INS.3,Conductivity,0.61,0.01,mS/cm,2023-04-24 09:15:00,[17320326 17341818 17341819]
INS.3,Manganese,0.2,0.0,mgMn/l,2023-04-24 09:15:00,[17320326 17341818 17341819]
INS.3,Nitrate,0.12,0.0,mg/l as N,2023-04-24 09:15:00,[17320326 17341818 17341819]
INS.3,Nitrite,0.02,0.0,mg/l as N,2023-04-24 09:15:00,[17320326 17341818 17341819]
INS.3,Phosphorus,4.04,0.5,mgP/l,2023-04-24 09:15:00,[17320326 17341818 17341819]
INS.3,Soluble Chemical Oxygen Demand,94.33,1.15,mgO₂/l,2023-04-24 09:15:00,[17320326 17341818 17341819]
INS.3,Sulphate,33.83,0.23,mgSO₄/l,2023-04-24 09:15:00,[17320326 17341818 17341819]
INS.3,Suspended solids,63.67,29.48,mg/l,2023-04-24 09:15:00,[17320326 17341818 17341819]
INS.3,Total Chemical Oxygen Demand,195.67,70.32,mgO₂/l,2023-04-24 09:15:00,[17320326 17341818 17341819]
INS.3,Total Nitrogen (as N),28.7,0.66,mg/l as N,2023-04-24 09:15:00,[17320326 17341818 17341819]
INS.3,Total organic carbon,38.97,19.12,mgC/l,2023-04-24 09:15:00,[17320326 17341818 17341819]
INS.3,Total oxidised nitrogen,0.12,0.0,mg/l as N,2023-04-24 09:15:00,[17320326 17341818 17341819]
INS.3,Soluble Chemical Oxygen Demand,105.33,3.21,mgO₂/l,2023-05-02 07:00:00,[17336332 17336333 17336334]
INS.3,Suspended solids,55.67,19.35,mg/l,2023-05-02 07:00:00,[17336332 17336333 17336334]
INS.3,Total Chemical Oxygen Demand,215.67,26.31,mgO₂/l,2023-05-02 07:00:00,[17336332 17336333 17336334]
CON.1,Ammonia,15.72,0.2,mg/l as N,2023-04-03 10:45:00,[17319949 17319950 17319951]
CON.1,Nitrate,0.12,0.0,mg/l as N,2023-04-03 10:45:00,[17319949 17319950 17319951]
CON.1,Nitrite,0.02,0.0,mg/l as N,2023-04-03 10:45:00,[17319949 17319950 17319951]
CON.1,Phosphorus,2.43,0.04,mgP/l,2023-04-03 10:45:00,[17319949 17319950 17319951]
CON.1,Soluble Chemical Oxygen Demand,58.33,2.52,mgO₂/l,2023-04-03 10:45:00,[17319949 17319950 17319951]
CON.1,Sulphate,32.4,0.96,mgSO₄/l,2023-04-03 10:45:00,[17319949 17319950 17319951]
CON.1,Suspended solids,68.0,7.94,mg/l,2023-04-03 10:45:00,[17319949 17319950 17319951]
CON.1,Total Chemical Oxygen Demand,145.33,5.03,mgO₂/l,2023-04-03 10:45:00,[17319949 17319950 17319951]
CON.1,Total Nitrogen (as N),20.37,0.25,mg/l as N,2023-04-03 10:45:00,[17319949 17319950 17319951]
CON.1,Total organic carbon,32.6,4.19,mgC/l,2023-04-03 10:45:00,[17319949 17319950 17319951]
CON.1,Total oxidised nitrogen,0.12,0.0,mg/l as N,2023-04-03 10:45:00,[17319949 17319950 17319951]
CON.1,Soluble Chemical Oxygen Demand,82.0,1.73,mgO₂/l,2023-04-11 07:30:00,[17319460 17319461 17319462]
CON.1,Suspended solids,43.33,26.86,mg/l,2023-04-11 07:30:00,[17319460 17319461 17319462]
CON.1,Total Chemical Oxygen Demand,168.33,44.97,mgO₂/l,2023-04-11 07:30:00,[17319460 17319461 17319462]
CON.1,Ammonia,17.43,0.23,mg/l as N,2023-04-18 11:20:00,[17319985 17319986 17319987]
CON.1,Nitrate,0.12,0.0,mg/l as N,2023-04-18 11:20:00,[17319985 17319986 17319987]
CON.1,Nitrite,0.02,0.0,mg/l as N,2023-04-18 11:20:00,[17319985 17319986 17319987]
CON.1,Phosphorus,2.91,0.08,mgP/l,2023-04-18 11:20:00,[17319985 17319986 17319987]
CON.1,Soluble Chemical Oxygen Demand,61.33,3.79,mgO₂/l,2023-04-18 11:20:00,[17319985 17319986 17319987]
CON.1,Sulphate,35.73,0.06,mgSO₄/l,2023-04-18 11:20:00,[17319985 17319986 17319987]
CON.1,Suspended solids,57.0,20.81,mg/l,2023-04-18 11:20:00,[17319985 17319986 17319987]
CON.1,Total Chemical Oxygen Demand,149.0,26.89,mgO₂/l,2023-04-18 11:20:00,[17319985 17319986 17319987]
CON.1,Total Nitrogen (as N),22.4,0.17,mg/l as N,2023-04-18 11:20:00,[17319985 17319986 17319987]
CON.1,Total organic carbon,29.73,6.19,mgC/l,2023-04-18 11:20:00,[17319985 17319986 17319987]
CON.1,Total oxidised nitrogen,0.12,0.0,mg/l as N,2023-04-18 11:20:00,[17319985 17319986 17319987]
CON.1,Alkalinity,220.0,1.73,mgCaCO₃/l,2023-04-24 09:30:00,[17341820 17341821 17341822]
CON.1,Ammonia,18.07,0.27,mg/l as N,2023-04-24 09:30:00,[17341820 17341821 17341822]
CON.1,Biochemical oxygen demand,68.33,14.74,mgO₂/l,2023-04-24 09:30:00,[17341820 17341821 17341822]
CON.1,Conductivity,0.58,0.01,mS/cm,2023-04-24 09:30:00,[17341820 17341821 17341822]
CON.1,Manganese,0.2,0.0,mgMn/l,2023-04-24 09:30:00,[17341820 17341821 17341822]
CON.1,Nitrate,0.12,0.0,mg/l as N,2023-04-24 09:30:00,[17341820 17341821 17341822]
CON.1,Nitrite,0.02,0.0,mg/l as N,2023-04-24 09:30:00,[17341820 17341821 17341822]
CON.1,Phosphorus,3.45,0.16,mgP/l,2023-04-24 09:30:00,[17341820 17341821 17341822]
CON.1,Soluble Chemical Oxygen Demand,59.33,6.11,mgO₂/l,2023-04-24 09:30:00,[17341820 17341821 17341822]
CON.1,Sulphate,36.63,0.21,mgSO₄/l,2023-04-24 09:30:00,[17341820 17341821 17341822]
CON.1,Suspended solids,88.67,27.06,mg/l,2023-04-24 09:30:00,[17341820 17341821 17341822]
CON.1,Total Chemical Oxygen Demand,188.33,58.62,mgO₂/l,2023-04-24 09:30:00,[17341820 17341821 17341822]
CON.1,Total Nitrogen (as N),25.47,0.15,mg/l as N,2023-04-24 09:30:00,[17341820 17341821 17341822]
CON.1,Total organic carbon,30.73,0.61,mgC/l,2023-04-24 09:30:00,[17341820 17341821 17341822]
CON.1,Total oxidised nitrogen,0.12,0.0,mg/l as N,2023-04-24 09:30:00,[17341820 17341821 17341822]
CON.1,Soluble Chemical Oxygen Demand,73.67,3.06,mgO₂/l,2023-05-02 07:15:00,[17336335 17336336 17336337]
CON.1,Suspended solids,75.67,7.37,mg/l,2023-05-02 07:15:00,[17336335 17336336 17336337]
CON.1,Total Chemical Oxygen Demand,187.33,4.04,mgO₂/l,2023-05-02 07:15:00,[17336335 17336336 17336337]
CON.2,Ammonia,15.88,0.4,mg/l as N,2023-04-03 10:45:00,[17319952 17319953 17319954]
CON.2,Nitrate,0.12,0.0,mg/l as N,2023-04-03 10:45:00,[17319952 17319953 17319954]
CON.2,Nitrite,0.02,0.0,mg/l as N,2023-04-03 10:45:00,[17319952 17319953 17319954]
CON.2,Phosphorus,2.64,0.03,mgP/l,2023-04-03 10:45:00,[17319952 17319953 17319954]
CON.2,Soluble Chemical Oxygen Demand,55.0,1.0,mgO₂/l,2023-04-03 10:45:00,[17319952 17319953 17319954]
CON.2,Sulphate,32.43,0.57,mgSO₄/l,2023-04-03 10:45:00,[17319952 17319953 17319954]
CON.2,Suspended solids,50.67,2.31,mg/l,2023-04-03 10:45:00,[17319952 17319953 17319954]
CON.2,Total Chemical Oxygen Demand,132.0,3.61,mgO₂/l,2023-04-03 10:45:00,[17319952 17319953 17319954]
CON.2,Total Nitrogen (as N),21.03,0.31,mg/l as N,2023-04-03 10:45:00,[17319952 17319953 17319954]
CON.2,Total organic carbon,31.5,1.0,mgC/l,2023-04-03 10:45:00,[17319952 17319953 17319954]
CON.2,Total oxidised nitrogen,0.12,0.0,mg/l as N,2023-04-03 10:45:00,[17319952 17319953 17319954]
CON.2,Soluble Chemical Oxygen Demand,75.33,2.52,mgO₂/l,2023-04-11 07:30:00,[17319463 17319464 17319465]
CON.2,Suspended solids,15.33,0.58,mg/l,2023-04-11 07:30:00,[17319463 17319464 17319465]
CON.2,Total Chemical Oxygen Demand,108.0,9.85,mgO₂/l,2023-04-11 07:30:00,[17319463 17319464 17319465]
CON.2,Ammonia,16.5,0.24,mg/l as N,2023-04-18 11:30:00,[17319988 17319989 17319990]
CON.2,Nitrate,0.12,0.0,mg/l as N,2023-04-18 11:30:00,[17319988 17319989 17319990]
CON.2,Nitrite,0.02,0.0,mg/l as N,2023-04-18 11:30:00,[17319988 17319989 17319990]
CON.2,Phosphorus,2.77,0.09,mgP/l,2023-04-18 11:30:00,[17319988 17319989 17319990]
CON.2,Soluble Chemical Oxygen Demand,54.0,4.0,mgO₂/l,2023-04-18 11:30:00,[17319988 17319989 17319990]
CON.2,Sulphate,35.83,0.46,mgSO₄/l,2023-04-18 11:30:00,[17319988 17319989 17319990]
CON.2,Suspended solids,55.0,14.8,mg/l,2023-04-18 11:30:00,[17319988 17319989 17319990]
CON.2,Total Chemical Oxygen Demand,136.33,18.93,mgO₂/l,2023-04-18 11:30:00,[17319988 17319989 17319990]
CON.2,Total Nitrogen (as N),21.87,0.15,mg/l as N,2023-04-18 11:30:00,[17319988 17319989 17319990]
CON.2,Total organic carbon,31.8,8.19,mgC/l,2023-04-18 11:30:00,[17319988 17319989 17319990]
CON.2,Total oxidised nitrogen,0.12,0.0,mg/l as N,2023-04-18 11:30:00,[17319988 17319989 17319990]
CON.2,Alkalinity,220.67,1.15,mgCaCO₃/l,2023-04-24 09:30:00,[17341823 17341824 17341825]
CON.2,Ammonia,18.09,0.06,mg/l as N,2023-04-24 09:30:00,[17341823 17341824 17341825]
CON.2,Biochemical oxygen demand,70.33,19.86,mgO₂/l,2023-04-24 09:30:00,[17341823 17341824 17341825]
CON.2,Conductivity,0.58,0.01,mS/cm,2023-04-24 09:30:00,[17341823 17341824 17341825]
CON.2,Manganese,0.2,0.0,mgMn/l,2023-04-24 09:30:00,[17341823 17341824 17341825]
CON.2,Nitrate,0.21,0.16,mg/l as N,2023-04-24 09:30:00,[17341823 17341824 17341825]
CON.2,Nitrite,0.02,0.0,mg/l as N,2023-04-24 09:30:00,[17341823 17341824 17341825]
CON.2,Phosphorus,3.34,0.02,mgP/l,2023-04-24 09:30:00,[17341823 17341824 17341825]
CON.2,Soluble Chemical Oxygen Demand,63.0,9.85,mgO₂/l,2023-04-24 09:30:00,[17341823 17341824 17341825]
CON.2,Sulphate,36.97,0.23,mgSO₄/l,2023-04-24 09:30:00,[17341823 17341824 17341825]
CON.2,Suspended solids,76.67,41.04,mg/l,2023-04-24 09:30:00,[17341823 17341824 17341825]
CON.2,Total Chemical Oxygen Demand,207.67,64.27,mgO₂/l,2023-04-24 09:30:00,[17341823 17341824 17341825]
CON.2,Total Nitrogen (as N),26.07,0.06,mg/l as N,2023-04-24 09:30:00,[17341823 17341824 17341825]
CON.2,Total organic carbon,29.2,3.22,mgC/l,2023-04-24 09:30:00,[17341823 17341824 17341825]
CON.2,Total oxidised nitrogen,0.21,0.16,mg/l as N,2023-04-24 09:30:00,[17341823 17341824 17341825]
CON.2,Soluble Chemical Oxygen Demand,54.33,2.52,mgO₂/l,2023-05-02 07:15:00,[17336338 17336339 17336340]
CON.2,Suspended solids,100.0,3.0,mg/l,2023-05-02 07:15:00,[17336338 17336339 17336340]
CON.2,Total Chemical Oxygen Demand,169.67,8.96,mgO₂/l,2023-05-02 07:15:00,[17336338 17336339 17336340]
CON.3,Ammonia,15.92,0.19,mg/l as N,2023-04-03 10:45:00,[17319955 17319956 17319957]
CON.3,Nitrate,0.12,0.0,mg/l as N,2023-04-03 10:45:00,[17319955 17319956 17319957]
CON.3,Nitrite,0.02,0.0,mg/l as N,2023-04-03 10:45:00,[17319955 17319956 17319957]
CON.3,Phosphorus,2.44,0.02,mgP/l,2023-04-03 10:45:00,[17319955 17319956 17319957]
CON.3,Soluble Chemical Oxygen Demand,57.33,2.31,mgO₂/l,2023-04-03 10:45:00,[17319955 17319956 17319957]
CON.3,Sulphate,33.1,0.4,mgSO₄/l,2023-04-03 10:45:00,[17319955 17319956 17319957]
CON.3,Suspended solids,45.0,5.0,mg/l,2023-04-03 10:45:00,[17319955 17319956 17319957]
CON.3,Total Chemical Oxygen Demand,130.0,10.15,mgO₂/l,2023-04-03 10:45:00,[17319955 17319956 17319957]
CON.3,Total Nitrogen (as N),20.63,0.06,mg/l as N,2023-04-03 10:45:00,[17319955 17319956 17319957]
CON.3,Total organic carbon,29.7,5.5,mgC/l,2023-04-03 10:45:00,[17319955 17319956 17319957]
CON.3,Total oxidised nitrogen,0.12,0.0,mg/l as N,2023-04-03 10:45:00,[17319955 17319956 17319957]
CON.3,Soluble Chemical Oxygen Demand,83.67,2.52,mgO₂/l,2023-04-11 07:30:00,[17319466 17319467 17319468]
CON.3,Suspended solids,32.0,2.65,mg/l,2023-04-11 07:30:00,[17319466 17319467 17319468]
CON.3,Total Chemical Oxygen Demand,148.67,1.15,mgO₂/l,2023-04-11 07:30:00,[17319466 17319467 17319468]
CON.3,Ammonia,18.75,0.16,mg/l as N,2023-04-18 11:35:00,[17319991 17319992 17319993]
CON.3,Nitrate,0.12,0.0,mg/l as N,2023-04-18 11:35:00,[17319991 17319992 17319993]
CON.3,Nitrite,0.02,0.0,mg/l as N,2023-04-18 11:35:00,[17319991 17319992 17319993]
CON.3,Phosphorus,2.93,0.02,mgP/l,2023-04-18 11:35:00,[17319991 17319992 17319993]
CON.3,Soluble Chemical Oxygen Demand,68.33,2.89,mgO₂/l,2023-04-18 11:35:00,[17319991 17319992 17319993]
CON.3,Sulphate,34.47,0.06,mgSO₄/l,2023-04-18 11:35:00,[17319991 17319992 17319993]
CON.3,Suspended solids,48.0,14.73,mg/l,2023-04-18 11:35:00,[17319991 17319992 17319993]
CON.3,Total Chemical Oxygen Demand,152.0,26.15,mgO₂/l,2023-04-18 11:35:00,[17319991 17319992 17319993]
CON.3,Total Nitrogen (as N),22.8,0.1,mg/l as N,2023-04-18 11:35:00,[17319991 17319992 17319993]
CON.3,Total organic carbon,26.2,4.71,mgC/l,2023-04-18 11:35:00,[17319991 17319992 17319993]
CON.3,Total oxidised nitrogen,0.12,0.0,mg/l as N,2023-04-18 11:35:00,[17319991 17319992 17319993]
CON.3,Alkalinity,229.0,2.65,mgCaCO₃/l,2023-04-24 09:30:00,[17341826 17341827 17341828]
CON.3,Ammonia,19.67,0.13,mg/l as N,2023-04-24 09:30:00,[17341826 17341827 17341828]
CON.3,Biochemical oxygen demand,57.67,4.93,mgO₂/l,2023-04-24 09:30:00,[17341826 17341827 17341828]
CON.3,Conductivity,0.57,0.0,mS/cm,2023-04-24 09:30:00,[17341826 17341827 17341828]
CON.3,Manganese,0.2,0.0,mgMn/l,2023-04-24 09:30:00,[17341826 17341827 17341828]
CON.3,Nitrate,0.12,0.0,mg/l as N,2023-04-24 09:30:00,[17341826 17341827 17341828]
CON.3,Nitrite,0.02,0.0,mg/l as N,2023-04-24 09:30:00,[17341826 17341827 17341828]
CON.3,Phosphorus,3.29,0.24,mgP/l,2023-04-24 09:30:00,[17341826 17341827 17341828]
CON.3,Soluble Chemical Oxygen Demand,87.33,7.23,mgO₂/l,2023-04-24 09:30:00,[17341826 17341827 17341828]
CON.3,Sulphate,22.23,0.06,mgSO₄/l,2023-04-24 09:30:00,[17341826 17341827 17341828]
CON.3,Suspended solids,27.0,4.36,mg/l,2023-04-24 09:30:00,[17341826 17341827 17341828]
CON.3,Total Chemical Oxygen Demand,136.0,4.0,mgO₂/l,2023-04-24 09:30:00,[17341826 17341827 17341828]
CON.3,Total Nitrogen (as N),23.33,0.06,mg/l as N,2023-04-24 09:30:00,[17341826 17341827 17341828]
CON.3,Total organic carbon,20.47,1.81,mgC/l,2023-04-24 09:30:00,[17341826 17341827 17341828]
CON.3,Total oxidised nitrogen,0.12,0.0,mg/l as N,2023-04-24 09:30:00,[17341826 17341827 17341828]
CON.3,Soluble Chemical Oxygen Demand,102.33,3.06,mgO₂/l,2023-05-02 07:15:00,[17336341 17336342 17336343]
CON.3,Suspended solids,53.33,4.04,mg/l,2023-05-02 07:15:00,[17336341 17336342 17336343]
CON.3,Total Chemical Oxygen Demand,195.67,4.93,mgO₂/l,2023-05-02 07:15:00,[17336341 17336342 17336343]
30C.1,Ammonia,16.15,0.09,mg/l as N,2023-04-03 11:00:00,[17319958 17319959 17319960]
30C.1,Nitrate,0.12,0.0,mg/l as N,2023-04-03 11:00:00,[17319958 17319959 17319960]
30C.1,Nitrite,0.02,0.0,mg/l as N,2023-04-03 11:00:00,[17319958 17319959 17319960]
30C.1,Phosphorus,2.49,0.01,mgP/l,2023-04-03 11:00:00,[17319958 17319959 17319960]
30C.1,Soluble Chemical Oxygen Demand,62.33,1.53,mgO₂/l,2023-04-03 11:00:00,[17319958 17319959 17319960]
30C.1,Sulphate,33.07,0.15,mgSO₄/l,2023-04-03 11:00:00,[17319958 17319959 17319960]
30C.1,Suspended solids,66.33,5.03,mg/l,2023-04-03 11:00:00,[17319958 17319959 17319960]
30C.1,Total Chemical Oxygen Demand,151.67,5.51,mgO₂/l,2023-04-03 11:00:00,[17319958 17319959 17319960]
30C.1,Total Nitrogen (as N),21.1,0.3,mg/l as N,2023-04-03 11:00:00,[17319958 17319959 17319960]
30C.1,Total organic carbon,31.13,4.05,mgC/l,2023-04-03 11:00:00,[17319958 17319959 17319960]
30C.1,Total oxidised nitrogen,0.12,0.0,mg/l as N,2023-04-03 11:00:00,[17319958 17319959 17319960]
30C.1,Soluble Chemical Oxygen Demand,85.0,4.0,mgO₂/l,2023-04-11 07:45:00,[17319469 17319470 17319471]
30C.1,Suspended solids,23.67,0.58,mg/l,2023-04-11 07:45:00,[17319469 17319470 17319471]
30C.1,Total Chemical Oxygen Demand,139.33,5.51,mgO₂/l,2023-04-11 07:45:00,[17319469 17319470 17319471]
30C.1,Ammonia,19.58,0.03,mg/l as N,2023-04-18 11:40:00,[17319994 17319995 17319996]
30C.1,Nitrate,0.12,0.0,mg/l as N,2023-04-18 11:40:00,[17319994 17319995 17319996]
30C.1,Nitrite,0.02,0.0,mg/l as N,2023-04-18 11:40:00,[17319994 17319995 17319996]
30C.1,Phosphorus,2.96,0.09,mgP/l,2023-04-18 11:40:00,[17319994 17319995 17319996]
30C.1,Soluble Chemical Oxygen Demand,84.0,1.73,mgO₂/l,2023-04-18 11:40:00,[17319994 17319995 17319996]
30C.1,Sulphate,23.67,0.49,mgSO₄/l,2023-04-18 11:40:00,[17319994 17319995 17319996]
30C.1,Suspended solids,25.0,2.65,mg/l,2023-04-18 11:40:00,[17319994 17319995 17319996]
30C.1,Total Chemical Oxygen Demand,127.33,3.51,mgO₂/l,2023-04-18 11:40:00,[17319994 17319995 17319996]
30C.1,Total Nitrogen (as N),22.57,0.12,mg/l as N,2023-04-18 11:40:00,[17319994 17319995 17319996]
30C.1,Total organic carbon,30.9,4.66,mgC/l,2023-04-18 11:40:00,[17319994 17319995 17319996]
30C.1,Total oxidised nitrogen,0.12,0.0,mg/l as N,2023-04-18 11:40:00,[17319994 17319995 17319996]
30C.1,Alkalinity,241.67,0.58,mgCaCO₃/l,2023-04-24 09:45:00,[17341829 17341830 17341831]
30C.1,Ammonia,22.95,0.1,mg/l as N,2023-04-24 09:45:00,[17341829 17341830 17341831]
30C.1,Biochemical oxygen demand,34.33,1.53,mgO₂/l,2023-04-24 09:45:00,[17341829 17341830 17341831]
30C.1,Conductivity,0.61,0.01,mS/cm,2023-04-24 09:45:00,[17341829 17341830 17341831]
30C.1,Manganese,0.2,0.0,mgMn/l,2023-04-24 09:45:00,[17341829 17341830 17341831]
30C.1,Nitrate,0.12,0.0,mg/l as N,2023-04-24 09:45:00,[17341829 17341830 17341831]
30C.1,Nitrite,0.02,0.0,mg/l as N,2023-04-24 09:45:00,[17341829 17341830 17341831]
30C.1,Phosphorus,3.37,0.11,mgP/l,2023-04-24 09:45:00,[17341829 17341830 17341831]
30C.1,Soluble Chemical Oxygen Demand,77.33,3.51,mgO₂/l,2023-04-24 09:45:00,[17341829 17341830 17341831]
30C.1,Sulphate,28.03,0.78,mgSO₄/l,2023-04-24 09:45:00,[17341829 17341830 17341831]
30C.1,Suspended solids,16.33,0.58,mg/l,2023-04-24 09:45:00,[17341829 17341830 17341831]
30C.1,Total Chemical Oxygen Demand,99.67,2.08,mgO₂/l,2023-04-24 09:45:00,[17341829 17341830 17341831]
30C.1,Total Nitrogen (as N),25.37,0.06,mg/l as N,2023-04-24 09:45:00,[17341829 17341830 17341831]
30C.1,Total organic carbon,17.23,0.96,mgC/l,2023-04-24 09:45:00,[17341829 17341830 17341831]
30C.1,Total oxidised nitrogen,0.12,0.0,mg/l as N,2023-04-24 09:45:00,[17341829 17341830 17341831]
30C.1,Soluble Chemical Oxygen Demand,84.0,2.0,mgO₂/l,2023-05-02 07:30:00,[17336344 17336345 17336346]
30C.1,Suspended solids,13.67,3.51,mg/l,2023-05-02 07:30:00,[17336344 17336345 17336346]
30C.1,Total Chemical Oxygen Demand,107.67,1.53,mgO₂/l,2023-05-02 07:30:00,[17336344 17336345 17336346]
30C.2,Ammonia,15.64,0.32,mg/l as N,2023-04-03 11:00:00,[17319961 17319962 17319963]
30C.2,Nitrate,0.12,0.0,mg/l as N,2023-04-03 11:00:00,[17319961 17319962 17319963]
30C.2,Nitrite,0.02,0.0,mg/l as N,2023-04-03 11:00:00,[17319961 17319962 17319963]
30C.2,Phosphorus,2.53,0.06,mgP/l,2023-04-03 11:00:00,[17319961 17319962 17319963]
30C.2,Soluble Chemical Oxygen Demand,59.33,2.08,mgO₂/l,2023-04-03 11:00:00,[17319961 17319962 17319963]
30C.2,Sulphate,32.83,0.25,mgSO₄/l,2023-04-03 11:00:00,[17319961 17319962 17319963]
30C.2,Suspended solids,47.0,15.72,mg/l,2023-04-03 11:00:00,[17319961 17319962 17319963]
30C.2,Total Chemical Oxygen Demand,127.33,19.86,mgO₂/l,2023-04-03 11:00:00,[17319961 17319962 17319963]
30C.2,Total Nitrogen (as N),19.83,0.67,mg/l as N,2023-04-03 11:00:00,[17319961 17319962 17319963]
30C.2,Total organic carbon,27.63,1.2,mgC/l,2023-04-03 11:00:00,[17319961 17319962 17319963]
30C.2,Total oxidised nitrogen,0.12,0.0,mg/l as N,2023-04-03 11:00:00,[17319961 17319962 17319963]
30C.2,Soluble Chemical Oxygen Demand,79.0,2.65,mgO₂/l,2023-04-11 07:45:00,[17319472 17319473 17319474]
30C.2,Suspended solids,23.0,2.0,mg/l,2023-04-11 07:45:00,[17319472 17319473 17319474]
30C.2,Total Chemical Oxygen Demand,133.33,3.51,mgO₂/l,2023-04-11 07:45:00,[17319472 17319473 17319474]
30C.2,Ammonia,20.01,0.18,mg/l as N,2023-04-18 11:50:00,[17319997 17319998 17319999]
30C.2,Nitrate,0.12,0.0,mg/l as N,2023-04-18 11:50:00,[17319997 17319998 17319999]
30C.2,Nitrite,0.02,0.0,mg/l as N,2023-04-18 11:50:00,[17319997 17319998 17319999]
30C.2,Phosphorus,3.08,0.22,mgP/l,2023-04-18 11:50:00,[17319997 17319998 17319999]
30C.2,Soluble Chemical Oxygen Demand,86.0,3.46,mgO₂/l,2023-04-18 11:50:00,[17319997 17319998 17319999]
30C.2,Suspended solids,25.67,2.08,mg/l,2023-04-18 11:50:00,[17319997 17319998 17319999]
30C.2,Total Chemical Oxygen Demand,129.33,4.04,mgO₂/l,2023-04-18 11:50:00,[17319997 17319998 17319999]
30C.2,Total Nitrogen (as N),23.33,0.21,mg/l as N,2023-04-18 11:50:00,[17319997 17319998 17319999]
30C.2,Total organic carbon,27.17,6.49,mgC/l,2023-04-18 11:50:00,[17319997 17319998 17319999]
30C.2,Total oxidised nitrogen,0.12,0.0,mg/l as N,2023-04-18 11:50:00,[17319997 17319998 17319999]
30C.2,Sulphate,22.55,0.07,mgSO₄/l,2023-04-18 11:50:00,[17319998 17319999]
30C.2,Alkalinity,237.33,3.51,mgCaCO₃/l,2023-04-24 09:45:00,[17341832 17341833 17341834]
30C.2,Ammonia,23.09,0.07,mg/l as N,2023-04-24 09:45:00,[17341832 17341833 17341834]
30C.2,Biochemical oxygen demand,39.33,0.58,mgO₂/l,2023-04-24 09:45:00,[17341832 17341833 17341834]
30C.2,Conductivity,0.61,0.0,mS/cm,2023-04-24 09:45:00,[17341832 17341833 17341834]
30C.2,Manganese,0.2,0.0,mgMn/l,2023-04-24 09:45:00,[17341832 17341833 17341834]
30C.2,Nitrate,0.12,0.0,mg/l as N,2023-04-24 09:45:00,[17341832 17341833 17341834]
30C.2,Nitrite,0.02,0.0,mg/l as N,2023-04-24 09:45:00,[17341832 17341833 17341834]
30C.2,Phosphorus,3.53,0.09,mgP/l,2023-04-24 09:45:00,[17341832 17341833 17341834]
30C.2,Soluble Chemical Oxygen Demand,71.33,1.53,mgO₂/l,2023-04-24 09:45:00,[17341832 17341833 17341834]
30C.2,Sulphate,27.03,0.38,mgSO₄/l,2023-04-24 09:45:00,[17341832 17341833 17341834]
30C.2,Suspended solids,14.67,1.53,mg/l,2023-04-24 09:45:00,[17341832 17341833 17341834]
30C.2,Total Chemical Oxygen Demand,99.67,1.15,mgO₂/l,2023-04-24 09:45:00,[17341832 17341833 17341834]
30C.2,Total Nitrogen (as N),25.87,0.06,mg/l as N,2023-04-24 09:45:00,[17341832 17341833 17341834]
30C.2,Total organic carbon,16.8,0.26,mgC/l,2023-04-24 09:45:00,[17341832 17341833 17341834]
30C.2,Total oxidised nitrogen,0.12,0.0,mg/l as N,2023-04-24 09:45:00,[17341832 17341833 17341834]
30C.2,Soluble Chemical Oxygen Demand,69.33,1.53,mgO₂/l,2023-05-02 07:30:00,[17336347 17336348 17336349]
30C.2,Suspended solids,13.0,3.46,mg/l,2023-05-02 07:30:00,[17336347 17336348 17336349]
30C.2,Total Chemical Oxygen Demand,83.33,3.06,mgO₂/l,2023-05-02 07:30:00,[17336347 17336348 17336349]
30C.3,Ammonia,15.2,0.3,mg/l as N,2023-04-03 11:00:00,[17319964 17319965 17319966]
30C.3,Nitrate,0.12,0.0,mg/l as N,2023-04-03 11:00:00,[17319964 17319965 17319966]
30C.3,Nitrite,0.02,0.0,mg/l as N,2023-04-03 11:00:00,[17319964 17319965 17319966]
30C.3,Phosphorus,2.43,0.15,mgP/l,2023-04-03 11:00:00,[17319964 17319965 17319966]
30C.3,Soluble Chemical Oxygen Demand,54.67,5.51,mgO₂/l,2023-04-03 11:00:00,[17319964 17319965 17319966]
30C.3,Sulphate,32.97,0.95,mgSO₄/l,2023-04-03 11:00:00,[17319964 17319965 17319966]
30C.3,Suspended solids,44.33,7.77,mg/l,2023-04-03 11:00:00,[17319964 17319965 17319966]
30C.3,Total Chemical Oxygen Demand,118.0,9.17,mgO₂/l,2023-04-03 11:00:00,[17319964 17319965 17319966]
30C.3,Total Nitrogen (as N),19.03,0.35,mg/l as N,2023-04-03 11:00:00,[17319964 17319965 17319966]
30C.3,Total organic carbon,25.17,3.91,mgC/l,2023-04-03 11:00:00,[17319964 17319965 17319966]
30C.3,Total oxidised nitrogen,0.12,0.0,mg/l as N,2023-04-03 11:00:00,[17319964 17319965 17319966]
30C.3,Soluble Chemical Oxygen Demand,76.33,1.15,mgO₂/l,2023-04-11 07:45:00,[17319475 17319476 17319548]
30C.3,Suspended solids,31.67,9.07,mg/l,2023-04-11 07:45:00,[17319475 17319476 17319548]
30C.3,Total Chemical Oxygen Demand,146.0,5.0,mgO₂/l,2023-04-11 07:45:00,[17319475 17319476 17319548]
30C.3,Ammonia,19.93,0.1,mg/l as N,2023-04-18 11:55:00,[17320000 17320001 17320002]
30C.3,Nitrate,0.12,0.0,mg/l as N,2023-04-18 11:55:00,[17320000 17320001 17320002]
30C.3,Nitrite,0.02,0.0,mg/l as N,2023-04-18 11:55:00,[17320000 17320001 17320002]
30C.3,Phosphorus,3.04,0.07,mgP/l,2023-04-18 11:55:00,[17320000 17320001 17320002]
30C.3,Soluble Chemical Oxygen Demand,88.0,6.08,mgO₂/l,2023-04-18 11:55:00,[17320000 17320001 17320002]
30C.3,Sulphate,25.8,1.57,mgSO₄/l,2023-04-18 11:55:00,[17320000 17320001 17320002]
30C.3,Suspended solids,25.67,3.51,mg/l,2023-04-18 11:55:00,[17320000 17320001 17320002]
30C.3,Total Chemical Oxygen Demand,131.67,1.53,mgO₂/l,2023-04-18 11:55:00,[17320000 17320001 17320002]
30C.3,Total Nitrogen (as N),23.6,0.1,mg/l as N,2023-04-18 11:55:00,[17320000 17320001 17320002]
30C.3,Total organic carbon,28.63,6.55,mgC/l,2023-04-18 11:55:00,[17320000 17320001 17320002]
30C.3,Total oxidised nitrogen,0.12,0.0,mg/l as N,2023-04-18 11:55:00,[17320000 17320001 17320002]
30C.3,Alkalinity,238.67,2.89,mgCaCO₃/l,2023-04-24 09:45:00,[17341835 17341836 17341837]
30C.3,Ammonia,22.56,0.22,mg/l as N,2023-04-24 09:45:00,[17341835 17341836 17341837]
30C.3,Biochemical oxygen demand,33.0,1.0,mgO₂/l,2023-04-24 09:45:00,[17341835 17341836 17341837]
30C.3,Conductivity,0.6,0.01,mS/cm,2023-04-24 09:45:00,[17341835 17341836 17341837]
30C.3,Manganese,0.2,0.0,mgMn/l,2023-04-24 09:45:00,[17341835 17341836 17341837]
30C.3,Nitrate,0.12,0.0,mg/l as N,2023-04-24 09:45:00,[17341835 17341836 17341837]
30C.3,Nitrite,0.02,0.0,mg/l as N,2023-04-24 09:45:00,[17341835 17341836 17341837]
30C.3,Phosphorus,3.34,0.08,mgP/l,2023-04-24 09:45:00,[17341835 17341836 17341837]
30C.3,Soluble Chemical Oxygen Demand,73.33,2.31,mgO₂/l,2023-04-24 09:45:00,[17341835 17341836 17341837]
30C.3,Sulphate,29.63,0.15,mgSO₄/l,2023-04-24 09:45:00,[17341835 17341836 17341837]
30C.3,Suspended solids,19.33,3.51,mg/l,2023-04-24 09:45:00,[17341835 17341836 17341837]
30C.3,Total Chemical Oxygen Demand,103.33,1.53,mgO₂/l,2023-04-24 09:45:00,[17341835 17341836 17341837]
30C.3,Total Nitrogen (as N),25.2,0.1,mg/l as N,2023-04-24 09:45:00,[17341835 17341836 17341837]
30C.3,Total organic carbon,19.57,1.36,mgC/l,2023-04-24 09:45:00,[17341835 17341836 17341837]
30C.3,Total oxidised nitrogen,0.12,0.0,mg/l as N,2023-04-24 09:45:00,[17341835 17341836 17341837]
30C.3,Soluble Chemical Oxygen Demand,103.33,2.89,mgO₂/l,2023-05-02 07:30:00,[17336350 17336351 17336352]
30C.3,Suspended solids,30.67,1.53,mg/l,2023-05-02 07:30:00,[17336350 17336351 17336352]
30C.3,Total Chemical Oxygen Demand,162.33,0.58,mgO₂/l,2023-05-02 07:30:00,[17336350 17336351 17336352]
20C.1,Ammonia,15.86,0.18,mg/l as N,2023-04-03 11:15:00,[17319967 17319968 17319969]
20C.1,Nitrate,0.12,0.0,mg/l as N,2023-04-03 11:15:00,[17319967 17319968 17319969]
20C.1,Nitrite,0.02,0.0,mg/l as N,2023-04-03 11:15:00,[17319967 17319968 17319969]
20C.1,Phosphorus,2.58,0.09,mgP/l,2023-04-03 11:15:00,[17319967 17319968 17319969]
20C.1,Soluble Chemical Oxygen Demand,57.33,1.53,mgO₂/l,2023-04-03 11:15:00,[17319967 17319968 17319969]
20C.1,Sulphate,32.47,0.15,mgSO₄/l,2023-04-03 11:15:00,[17319967 17319968 17319969]
20C.1,Suspended solids,38.67,8.96,mg/l,2023-04-03 11:15:00,[17319967 17319968 17319969]
20C.1,Total Chemical Oxygen Demand,120.0,7.0,mgO₂/l,2023-04-03 11:15:00,[17319967 17319968 17319969]
20C.1,Total Nitrogen (as N),19.8,0.35,mg/l as N,2023-04-03 11:15:00,[17319967 17319968 17319969]
20C.1,Total organic carbon,25.5,2.49,mgC/l,2023-04-03 11:15:00,[17319967 17319968 17319969]
20C.1,Total oxidised nitrogen,0.12,0.0,mg/l as N,2023-04-03 11:15:00,[17319967 17319968 17319969]
20C.1,Soluble Chemical Oxygen Demand,78.33,0.58,mgO₂/l,2023-04-11 11:30:41,[17319549 17319550 17319551]
20C.1,Suspended solids,29.67,10.97,mg/l,2023-04-11 11:30:41,[17319549 17319550 17319551]
20C.1,Total Chemical Oxygen Demand,128.5,0.71,mgO₂/l,2023-04-11 11:30:41,[17319549 17319550]
20C.1,Ammonia,18.0,0.11,mg/l as N,2023-04-18 12:05:00,[17320003 17320004 17320005]
20C.1,Nitrate,0.12,0.0,mg/l as N,2023-04-18 12:05:00,[17320003 17320004 17320005]
20C.1,Nitrite,0.02,0.0,mg/l as N,2023-04-18 12:05:00,[17320003 17320004 17320005]
20C.1,Phosphorus,2.68,0.04,mgP/l,2023-04-18 12:05:00,[17320003 17320004 17320005]
20C.1,Soluble Chemical Oxygen Demand,83.33,1.53,mgO₂/l,2023-04-18 12:05:00,[17320003 17320004 17320005]
20C.1,Sulphate,22.9,0.3,mgSO₄/l,2023-04-18 12:05:00,[17320003 17320004 17320005]
20C.1,Suspended solids,23.33,0.58,mg/l,2023-04-18 12:05:00,[17320003 17320004 17320005]
20C.1,Total Chemical Oxygen Demand,123.0,3.0,mgO₂/l,2023-04-18 12:05:00,[17320003 17320004 17320005]
20C.1,Total Nitrogen (as N),21.37,0.29,mg/l as N,2023-04-18 12:05:00,[17320003 17320004 17320005]
20C.1,Total organic carbon,26.75,4.93,mgC/l,2023-04-18 12:05:00,[17320003 17320004 17320005]
20C.1,Total oxidised nitrogen,0.12,0.0,mg/l as N,2023-04-18 12:05:00,[17320003 17320004 17320005]
20C.1,Alkalinity,246.0,2.0,mgCaCO₃/l,2023-04-24 09:45:00,[17341838 17341839 17341840]
20C.1,Ammonia,22.64,0.21,mg/l as N,2023-04-24 09:45:00,[17341838 17341839 17341840]
20C.1,Biochemical oxygen demand,61.33,0.58,mgO₂/l,2023-04-24 09:45:00,[17341838 17341839 17341840]
20C.1,Conductivity,0.6,0.01,mS/cm,2023-04-24 09:45:00,[17341838 17341839 17341840]
20C.1,Manganese,0.2,0.0,mgMn/l,2023-04-24 09:45:00,[17341838 17341839 17341840]
20C.1,Nitrate,0.12,0.0,mg/l as N,2023-04-24 09:45:00,[17341838 17341839 17341840]
20C.1,Nitrite,0.02,0.0,mg/l as N,2023-04-24 09:45:00,[17341838 17341839 17341840]
20C.1,Phosphorus,3.65,0.53,mgP/l,2023-04-24 09:45:00,[17341838 17341839 17341840]
20C.1,Soluble Chemical Oxygen Demand,95.33,4.73,mgO₂/l,2023-04-24 09:45:00,[17341838 17341839 17341840]
20C.1,Sulphate,20.7,0.82,mgSO₄/l,2023-04-24 09:45:00,[17341838 17341839 17341840]
20C.1,Suspended solids,26.33,1.53,mg/l,2023-04-24 09:45:00,[17341838 17341839 17341840]
20C.1,Total Chemical Oxygen Demand,142.67,2.08,mgO₂/l,2023-04-24 09:45:00,[17341838 17341839 17341840]
20C.1,Total Nitrogen (as N),26.47,0.15,mg/l as N,2023-04-24 09:45:00,[17341838 17341839 17341840]
20C.1,Total organic carbon,22.97,2.69,mgC/l,2023-04-24 09:45:00,[17341838 17341839 17341840]
20C.1,Total oxidised nitrogen,0.12,0.0,mg/l as N,2023-04-24 09:45:00,[17341838 17341839 17341840]
20C.1,Soluble Chemical Oxygen Demand,94.0,1.0,mgO₂/l,2023-05-02 07:45:00,[17336353 17336354 17336355]
20C.1,Suspended solids,24.67,1.53,mg/l,2023-05-02 07:45:00,[17336353 17336354 17336355]
20C.1,Total Chemical Oxygen Demand,147.67,0.58,mgO₂/l,2023-05-02 07:45:00,[17336353 17336354 17336355]
20C.2,Ammonia,15.85,0.13,mg/l as N,2023-04-03 11:15:00,[17319970 17319971 17319972]
20C.2,Nitrate,0.12,0.0,mg/l as N,2023-04-03 11:15:00,[17319970 17319971 17319972]
20C.2,Nitrite,0.02,0.0,mg/l as N,2023-04-03 11:15:00,[17319970 17319971 17319972]
20C.2,Phosphorus,2.5,0.06,mgP/l,2023-04-03 11:15:00,[17319970 17319971 17319972]
20C.2,Soluble Chemical Oxygen Demand,54.33,2.52,mgO₂/l,2023-04-03 11:15:00,[17319970 17319971 17319972]
20C.2,Sulphate,31.97,0.32,mgSO₄/l,2023-04-03 11:15:00,[17319970 17319971 17319972]
20C.2,Suspended solids,34.67,0.58,mg/l,2023-04-03 11:15:00,[17319970 17319971 17319972]
20C.2,Total Chemical Oxygen Demand,106.0,2.0,mgO₂/l,2023-04-03 11:15:00,[17319970 17319971 17319972]
20C.2,Total Nitrogen (as N),20.03,0.15,mg/l as N,2023-04-03 11:15:00,[17319970 17319971 17319972]
20C.2,Total organic carbon,22.17,0.57,mgC/l,2023-04-03 11:15:00,[17319970 17319971 17319972]
20C.2,Total oxidised nitrogen,0.12,0.0,mg/l as N,2023-04-03 11:15:00,[17319970 17319971 17319972]
20C.2,Soluble Chemical Oxygen Demand,80.33,4.04,mgO₂/l,2023-04-11 08:00:00,[17336320 17336321 17336322]
20C.2,Suspended solids,28.33,3.06,mg/l,2023-04-11 08:00:00,[17336320 17336321 17336322]
20C.2,Total Chemical Oxygen Demand,139.67,2.52,mgO₂/l,2023-04-11 08:00:00,[17336320 17336321 17336322]
20C.2,Ammonia,18.13,0.06,mg/l as N,2023-04-18 12:10:00,[17320006 17320007 17320008]
20C.2,Nitrate,0.12,0.0,mg/l as N,2023-04-18 12:10:00,[17320006 17320007 17320008]
20C.2,Nitrite,0.02,0.0,mg/l as N,2023-04-18 12:10:00,[17320006 17320007 17320008]
20C.2,Phosphorus,2.65,0.02,mgP/l,2023-04-18 12:10:00,[17320006 17320007 17320008]
20C.2,Soluble Chemical Oxygen Demand,76.33,2.52,mgO₂/l,2023-04-18 12:10:00,[17320006 17320007 17320008]
20C.2,Sulphate,25.27,0.15,mgSO₄/l,2023-04-18 12:10:00,[17320006 17320007 17320008]
20C.2,Suspended solids,21.67,3.51,mg/l,2023-04-18 12:10:00,[17320006 17320007 17320008]
20C.2,Total Chemical Oxygen Demand,111.33,4.93,mgO₂/l,2023-04-18 12:10:00,[17320006 17320007 17320008]
20C.2,Total Nitrogen (as N),21.3,0.3,mg/l as N,2023-04-18 12:10:00,[17320006 17320007 17320008]
20C.2,Total organic carbon,23.17,5.84,mgC/l,2023-04-18 12:10:00,[17320006 17320007 17320008]
20C.2,Total oxidised nitrogen,0.12,0.0,mg/l as N,2023-04-18 12:10:00,[17320006 17320007 17320008]
20C.2,Alkalinity,248.67,2.31,mgCaCO₃/l,2023-04-24 09:45:00,[17341841 17341842 17341843]
20C.2,Ammonia,23.57,0.06,mg/l as N,2023-04-24 09:45:00,[17341841 17341842 17341843]
20C.2,Biochemical oxygen demand,61.33,3.79,mgO₂/l,2023-04-24 09:45:00,[17341841 17341842 17341843]
20C.2,Conductivity,0.61,0.0,mS/cm,2023-04-24 09:45:00,[17341841 17341842 17341843]
20C.2,Manganese,0.2,0.0,mgMn/l,2023-04-24 09:45:00,[17341841 17341842 17341843]
20C.2,Nitrate,0.12,0.0,mg/l as N,2023-04-24 09:45:00,[17341841 17341842 17341843]
20C.2,Nitrite,0.02,0.0,mg/l as N,2023-04-24 09:45:00,[17341841 17341842 17341843]
20C.2,Phosphorus,3.58,0.17,mgP/l,2023-04-24 09:45:00,[17341841 17341842 17341843]
20C.2,Soluble Chemical Oxygen Demand,103.33,2.08,mgO₂/l,2023-04-24 09:45:00,[17341841 17341842 17341843]
20C.2,Sulphate,20.47,2.38,mgSO₄/l,2023-04-24 09:45:00,[17341841 17341842 17341843]
20C.2,Suspended solids,31.33,1.53,mg/l,2023-04-24 09:45:00,[17341841 17341842 17341843]
20C.2,Total Chemical Oxygen Demand,138.33,1.15,mgO₂/l,2023-04-24 09:45:00,[17341841 17341842 17341843]
20C.2,Total Nitrogen (as N),27.7,0.3,mg/l as N,2023-04-24 09:45:00,[17341841 17341842 17341843]
20C.2,Total organic carbon,23.87,2.01,mgC/l,2023-04-24 09:45:00,[17341841 17341842 17341843]
20C.2,Total oxidised nitrogen,0.12,0.0,mg/l as N,2023-04-24 09:45:00,[17341841 17341842 17341843]
20C.2,Soluble Chemical Oxygen Demand,96.67,8.74,mgO₂/l,2023-05-02 07:45:00,[17336356 17336357 17336358]
20C.2,Suspended solids,35.67,3.51,mg/l,2023-05-02 07:45:00,[17336356 17336357 17336358]
20C.2,Total Chemical Oxygen Demand,160.33,2.08,mgO₂/l,2023-05-02 07:45:00,[17336356 17336357 17336358]
20C.3,Ammonia,15.57,0.31,mg/l as N,2023-04-03 11:15:00,[17319973 17319974 17319975]
20C.3,Nitrate,0.12,0.0,mg/l as N,2023-04-03 11:15:00,[17319973 17319974 17319975]
20C.3,Nitrite,0.02,0.0,mg/l as N,2023-04-03 11:15:00,[17319973 17319974 17319975]
20C.3,Phosphorus,2.43,0.02,mgP/l,2023-04-03 11:15:00,[17319973 17319974 17319975]
20C.3,Soluble Chemical Oxygen Demand,58.67,3.51,mgO₂/l,2023-04-03 11:15:00,[17319973 17319974 17319975]
20C.3,Sulphate,32.6,0.26,mgSO₄/l,2023-04-03 11:15:00,[17319973 17319974 17319975]
20C.3,Suspended solids,43.67,24.7,mg/l,2023-04-03 11:15:00,[17319973 17319974 17319975]
20C.3,Total Chemical Oxygen Demand,147.67,22.59,mgO₂/l,2023-04-03 11:15:00,[17319973 17319974 17319975]
20C.3,Total Nitrogen (as N),20.2,0.26,mg/l as N,2023-04-03 11:15:00,[17319973 17319974 17319975]
20C.3,Total organic carbon,29.7,1.67,mgC/l,2023-04-03 11:15:00,[17319973 17319974 17319975]
20C.3,Total oxidised nitrogen,0.12,0.0,mg/l as N,2023-04-03 11:15:00,[17319973 17319974 17319975]
20C.3,Soluble Chemical Oxygen Demand,77.0,1.73,mgO₂/l,2023-04-11 08:00:00,[17336323 17336324 17336325]
20C.3,Suspended solids,40.67,17.62,mg/l,2023-04-11 08:00:00,[17336323 17336324 17336325]
20C.3,Total Chemical Oxygen Demand,155.0,32.05,mgO₂/l,2023-04-11 08:00:00,[17336323 17336324 17336325]
20C.3,Ammonia,17.95,0.19,mg/l as N,2023-04-18 12:15:00,[17320009 17320010 17320011]
20C.3,Nitrate,0.12,0.0,mg/l as N,2023-04-18 12:15:00,[17320009 17320010 17320011]
20C.3,Nitrite,0.02,0.0,mg/l as N,2023-04-18 12:15:00,[17320009 17320010 17320011]
20C.3,Phosphorus,2.67,0.09,mgP/l,2023-04-18 12:15:00,[17320009 17320010 17320011]
20C.3,Soluble Chemical Oxygen Demand,76.0,1.0,mgO₂/l,2023-04-18 12:15:00,[17320009 17320010 17320011]
20C.3,Sulphate,26.07,0.45,mgSO₄/l,2023-04-18 12:15:00,[17320009 17320010 17320011]
20C.3,Suspended solids,24.67,4.51,mg/l,2023-04-18 12:15:00,[17320009 17320010 17320011]
20C.3,Total Chemical Oxygen Demand,114.33,5.77,mgO₂/l,2023-04-18 12:15:00,[17320009 17320010 17320011]
20C.3,Total Nitrogen (as N),21.4,0.1,mg/l as N,2023-04-18 12:15:00,[17320009 17320010 17320011]
20C.3,Total organic carbon,23.9,3.26,mgC/l,2023-04-18 12:15:00,[17320009 17320010 17320011]
20C.3,Total oxidised nitrogen,0.12,0.0,mg/l as N,2023-04-18 12:15:00,[17320009 17320010 17320011]
20C.3,Alkalinity,248.67,0.58,mgCaCO₃/l,2023-04-24 10:00:00,[17341844 17341845 17341846]
20C.3,Ammonia,23.24,0.05,mg/l as N,2023-04-24 10:00:00,[17341844 17341845 17341846]
20C.3,Biochemical oxygen demand,55.67,2.31,mgO₂/l,2023-04-24 10:00:00,[17341844 17341845 17341846]
20C.3,Conductivity,0.61,0.0,mS/cm,2023-04-24 10:00:00,[17341844 17341845 17341846]
20C.3,Manganese,0.2,0.0,mgMn/l,2023-04-24 10:00:00,[17341844 17341845 17341846]
20C.3,Nitrate,0.12,0.0,mg/l as N,2023-04-24 10:00:00,[17341844 17341845 17341846]
20C.3,Nitrite,0.02,0.0,mg/l as N,2023-04-24 10:00:00,[17341844 17341845 17341846]
20C.3,Phosphorus,3.86,0.55,mgP/l,2023-04-24 10:00:00,[17341844 17341845 17341846]
20C.3,Soluble Chemical Oxygen Demand,95.33,2.52,mgO₂/l,2023-04-24 10:00:00,[17341844 17341845 17341846]
20C.3,Sulphate,20.0,1.39,mgSO₄/l,2023-04-24 10:00:00,[17341844 17341845 17341846]
20C.3,Suspended solids,34.33,0.58,mg/l,2023-04-24 10:00:00,[17341844 17341845 17341846]
20C.3,Total Chemical Oxygen Demand,136.0,9.54,mgO₂/l,2023-04-24 10:00:00,[17341844 17341845 17341846]
20C.3,Total Nitrogen (as N),27.37,0.12,mg/l as N,2023-04-24 10:00:00,[17341844 17341845 17341846]
20C.3,Total organic carbon,21.1,3.75,mgC/l,2023-04-24 10:00:00,[17341844 17341845 17341846]
20C.3,Total oxidised nitrogen,0.12,0.0,mg/l as N,2023-04-24 10:00:00,[17341844 17341845 17341846]
20C.3,Soluble Chemical Oxygen Demand,92.67,5.51,mgO₂/l,2023-05-02 07:45:00,[17336359 17336360 17336361]
20C.3,Suspended solids,34.0,1.0,mg/l,2023-05-02 07:45:00,[17336359 17336360 17336361]
20C.3,Total Chemical Oxygen Demand,153.0,14.11,mgO₂/l,2023-05-02 07:45:00,[17336359 17336360 17336361]
